,url,Attribute,Home Result,Away Result
0,https://www.flashscore.com/match/OMwZICPP/#/match-summary/match-statistics/0,Tries,1,0
1,https://www.flashscore.com/match/OMwZICPP/#/match-summary/match-statistics/0,Conversion Goals,0,0
2,https://www.flashscore.com/match/OMwZICPP/#/match-summary/match-statistics/0,Conversion Goal Attempts,1,0
3,https://www.flashscore.com/match/OMwZICPP/#/match-summary/match-statistics/0,Penalty Goals,2,4
4,https://www.flashscore.com/match/OMwZICPP/#/match-summary/match-statistics/0,Penalty Goal Attempts,3,4
5,https://www.flashscore.com/match/OMwZICPP/#/match-summary/match-statistics/0,Goals %,50,100
6,https://www.flashscore.com/match/OMwZICPP/#/match-summary/match-statistics/0,Dropped Goals,0,0
7,https://www.flashscore.com/match/OMwZICPP/#/match-summary/match-statistics/0,Dropped Goal Attempts,0,0
8,https://www.flashscore.com/match/OMwZICPP/#/match-summary/match-statistics/0,Total Runs,148,83
9,https://www.flashscore.com/match/OMwZICPP/#/match-summary/match-statistics/0,Metres Run With Ball,481,361
10,https://www.flashscore.com/match/OMwZICPP/#/match-summary/match-statistics/0,Yellow Cards,1,2
11,https://www.flashscore.com/match/OMwZICPP/#/match-summary/match-statistics/0,Red Cards,1,0
12,https://www.flashscore.com/match/t2Q0EWXt/#/match-summary/match-statistics/0,Tries,2,2
13,https://www.flashscore.com/match/t2Q0EWXt/#/match-summary/match-statistics/0,Conversion Goals,2,2
14,https://www.flashscore.com/match/t2Q0EWXt/#/match-summary/match-statistics/0,Conversion Goal Attempts,2,2
15,https://www.flashscore.com/match/t2Q0EWXt/#/match-summary/match-statistics/0,Penalty Goals,3,4
16,https://www.flashscore.com/match/t2Q0EWXt/#/match-summary/match-statistics/0,Penalty Goal Attempts,4,4
17,https://www.flashscore.com/match/t2Q0EWXt/#/match-summary/match-statistics/0,Goals %,83,100
18,https://www.flashscore.com/match/t2Q0EWXt/#/match-summary/match-statistics/0,Dropped Goals,0,0
19,https://www.flashscore.com/match/t2Q0EWXt/#/match-summary/match-statistics/0,Dropped Goal Attempts,0,0
20,https://www.flashscore.com/match/t2Q0EWXt/#/match-summary/match-statistics/0,Total Runs,136,89
21,https://www.flashscore.com/match/t2Q0EWXt/#/match-summary/match-statistics/0,Metres Run With Ball,406,286
22,https://www.flashscore.com/match/8rXhf5GA/#/match-summary/match-statistics/0,Tries,0,1
23,https://www.flashscore.com/match/8rXhf5GA/#/match-summary/match-statistics/0,Conversion Goals,0,1
24,https://www.flashscore.com/match/8rXhf5GA/#/match-summary/match-statistics/0,Conversion Goal Attempts,0,1
25,https://www.flashscore.com/match/8rXhf5GA/#/match-summary/match-statistics/0,Penalty Goals,4,3
26,https://www.flashscore.com/match/8rXhf5GA/#/match-summary/match-statistics/0,Penalty Goal Attempts,4,3
27,https://www.flashscore.com/match/8rXhf5GA/#/match-summary/match-statistics/0,Goals %,100,100
28,https://www.flashscore.com/match/8rXhf5GA/#/match-summary/match-statistics/0,Dropped Goals,1,0
29,https://www.flashscore.com/match/8rXhf5GA/#/match-summary/match-statistics/0,Dropped Goal Attempts,1,0
30,https://www.flashscore.com/match/8rXhf5GA/#/match-summary/match-statistics/0,Total Runs,83,69
31,https://www.flashscore.com/match/8rXhf5GA/#/match-summary/match-statistics/0,Metres Run With Ball,236,190
32,https://www.flashscore.com/match/zHoqMSei/#/match-summary/match-statistics/0,Tries,0,7
33,https://www.flashscore.com/match/zHoqMSei/#/match-summary/match-statistics/0,Conversion Goals,0,3
34,https://www.flashscore.com/match/zHoqMSei/#/match-summary/match-statistics/0,Conversion Goal Attempts,0,7
35,https://www.flashscore.com/match/zHoqMSei/#/match-summary/match-statistics/0,Penalty Goals,2,1
36,https://www.flashscore.com/match/zHoqMSei/#/match-summary/match-statistics/0,Penalty Goal Attempts,2,1
37,https://www.flashscore.com/match/zHoqMSei/#/match-summary/match-statistics/0,Goals %,100,50
38,https://www.flashscore.com/match/zHoqMSei/#/match-summary/match-statistics/0,Dropped Goals,0,0
39,https://www.flashscore.com/match/zHoqMSei/#/match-summary/match-statistics/0,Dropped Goal Attempts,0,0
40,https://www.flashscore.com/match/zHoqMSei/#/match-summary/match-statistics/0,Total Runs,150,164
41,https://www.flashscore.com/match/zHoqMSei/#/match-summary/match-statistics/0,Metres Run With Ball,511,651
42,https://www.flashscore.com/match/zHoqMSei/#/match-summary/match-statistics/0,Yellow Cards,0,1
43,https://www.flashscore.com/match/6mOxLYKo/#/match-summary/match-statistics/0,Tries,3,4
44,https://www.flashscore.com/match/6mOxLYKo/#/match-summary/match-statistics/0,Conversion Goals,2,3
45,https://www.flashscore.com/match/6mOxLYKo/#/match-summary/match-statistics/0,Conversion Goal Attempts,3,4
46,https://www.flashscore.com/match/6mOxLYKo/#/match-summary/match-statistics/0,Penalty Goals,3,1
47,https://www.flashscore.com/match/6mOxLYKo/#/match-summary/match-statistics/0,Penalty Goal Attempts,4,1
48,https://www.flashscore.com/match/6mOxLYKo/#/match-summary/match-statistics/0,Goals %,71,80
49,https://www.flashscore.com/match/6mOxLYKo/#/match-summary/match-statistics/0,Dropped Goals,0,0
50,https://www.flashscore.com/match/6mOxLYKo/#/match-summary/match-statistics/0,Dropped Goal Attempts,0,0
51,https://www.flashscore.com/match/6mOxLYKo/#/match-summary/match-statistics/0,Total Runs,153,79
52,https://www.flashscore.com/match/6mOxLYKo/#/match-summary/match-statistics/0,Metres Run With Ball,524,424
53,https://www.flashscore.com/match/6mOxLYKo/#/match-summary/match-statistics/0,Yellow Cards,0,1
54,https://www.flashscore.com/match/b70LV1Pj/#/match-summary/match-statistics/0,Tries,2,3
55,https://www.flashscore.com/match/b70LV1Pj/#/match-summary/match-statistics/0,Conversion Goals,1,3
56,https://www.flashscore.com/match/b70LV1Pj/#/match-summary/match-statistics/0,Conversion Goal Attempts,2,3
57,https://www.flashscore.com/match/b70LV1Pj/#/match-summary/match-statistics/0,Penalty Goals,5,1
58,https://www.flashscore.com/match/b70LV1Pj/#/match-summary/match-statistics/0,Penalty Goal Attempts,6,4
59,https://www.flashscore.com/match/b70LV1Pj/#/match-summary/match-statistics/0,Goals %,78,57
60,https://www.flashscore.com/match/b70LV1Pj/#/match-summary/match-statistics/0,Dropped Goals,1,0
61,https://www.flashscore.com/match/b70LV1Pj/#/match-summary/match-statistics/0,Dropped Goal Attempts,1,0
62,https://www.flashscore.com/match/b70LV1Pj/#/match-summary/match-statistics/0,Total Runs,93,128
63,https://www.flashscore.com/match/b70LV1Pj/#/match-summary/match-statistics/0,Metres Run With Ball,515,407
64,https://www.flashscore.com/match/b70LV1Pj/#/match-summary/match-statistics/0,Yellow Cards,0,1
65,https://www.flashscore.com/match/pvNtKhzh/#/match-summary/match-statistics/0,Tries,3,3
66,https://www.flashscore.com/match/pvNtKhzh/#/match-summary/match-statistics/0,Conversion Goals,2,2
67,https://www.flashscore.com/match/pvNtKhzh/#/match-summary/match-statistics/0,Conversion Goal Attempts,2,3
68,https://www.flashscore.com/match/pvNtKhzh/#/match-summary/match-statistics/0,Penalty Goals,1,3
69,https://www.flashscore.com/match/pvNtKhzh/#/match-summary/match-statistics/0,Penalty Goal Attempts,2,4
70,https://www.flashscore.com/match/pvNtKhzh/#/match-summary/match-statistics/0,Goals %,75,71
71,https://www.flashscore.com/match/pvNtKhzh/#/match-summary/match-statistics/0,Dropped Goals,0,0
72,https://www.flashscore.com/match/pvNtKhzh/#/match-summary/match-statistics/0,Dropped Goal Attempts,0,0
73,https://www.flashscore.com/match/pvNtKhzh/#/match-summary/match-statistics/0,Total Runs,173,120
74,https://www.flashscore.com/match/pvNtKhzh/#/match-summary/match-statistics/0,Metres Run With Ball,633,467
75,https://www.flashscore.com/match/pvNtKhzh/#/match-summary/match-statistics/0,Yellow Cards,0,2
76,https://www.flashscore.com/match/I5EoEbx5/#/match-summary/match-statistics/0,Tries,2,2
77,https://www.flashscore.com/match/I5EoEbx5/#/match-summary/match-statistics/0,Conversion Goals,2,2
78,https://www.flashscore.com/match/I5EoEbx5/#/match-summary/match-statistics/0,Conversion Goal Attempts,2,2
79,https://www.flashscore.com/match/I5EoEbx5/#/match-summary/match-statistics/0,Penalty Goals,1,5
80,https://www.flashscore.com/match/I5EoEbx5/#/match-summary/match-statistics/0,Penalty Goal Attempts,2,6
81,https://www.flashscore.com/match/I5EoEbx5/#/match-summary/match-statistics/0,Goals %,75,88
82,https://www.flashscore.com/match/I5EoEbx5/#/match-summary/match-statistics/0,Dropped Goals,0,0
83,https://www.flashscore.com/match/I5EoEbx5/#/match-summary/match-statistics/0,Dropped Goal Attempts,0,0
84,https://www.flashscore.com/match/I5EoEbx5/#/match-summary/match-statistics/0,Total Runs,107,134
85,https://www.flashscore.com/match/I5EoEbx5/#/match-summary/match-statistics/0,Metres Run With Ball,619,425
86,https://www.flashscore.com/match/44cOyXaS/#/match-summary/match-statistics/0,Tries,2,3
87,https://www.flashscore.com/match/44cOyXaS/#/match-summary/match-statistics/0,Conversion Goals,2,3
88,https://www.flashscore.com/match/44cOyXaS/#/match-summary/match-statistics/0,Conversion Goal Attempts,2,3
89,https://www.flashscore.com/match/44cOyXaS/#/match-summary/match-statistics/0,Penalty Goals,3,1
90,https://www.flashscore.com/match/44cOyXaS/#/match-summary/match-statistics/0,Penalty Goal Attempts,3,1
91,https://www.flashscore.com/match/44cOyXaS/#/match-summary/match-statistics/0,Goals %,100,100
92,https://www.flashscore.com/match/44cOyXaS/#/match-summary/match-statistics/0,Dropped Goals,0,0
93,https://www.flashscore.com/match/44cOyXaS/#/match-summary/match-statistics/0,Dropped Goal Attempts,0,0
94,https://www.flashscore.com/match/44cOyXaS/#/match-summary/match-statistics/0,Total Runs,142,111
95,https://www.flashscore.com/match/44cOyXaS/#/match-summary/match-statistics/0,Metres Run With Ball,743,566
96,https://www.flashscore.com/match/44cOyXaS/#/match-summary/match-statistics/0,Yellow Cards,1,0
97,https://www.flashscore.com/match/MqYLQCsk/#/match-summary/match-statistics/0,Tries,7,3
98,https://www.flashscore.com/match/MqYLQCsk/#/match-summary/match-statistics/0,Conversion Goals,5,3
99,https://www.flashscore.com/match/MqYLQCsk/#/match-summary/match-statistics/0,Conversion Goal Attempts,7,3
100,https://www.flashscore.com/match/MqYLQCsk/#/match-summary/match-statistics/0,Penalty Goals,0,1
101,https://www.flashscore.com/match/MqYLQCsk/#/match-summary/match-statistics/0,Penalty Goal Attempts,0,2
102,https://www.flashscore.com/match/MqYLQCsk/#/match-summary/match-statistics/0,Goals %,71,80
103,https://www.flashscore.com/match/MqYLQCsk/#/match-summary/match-statistics/0,Dropped Goals,0,0
104,https://www.flashscore.com/match/MqYLQCsk/#/match-summary/match-statistics/0,Dropped Goal Attempts,0,0
105,https://www.flashscore.com/match/MqYLQCsk/#/match-summary/match-statistics/0,Total Runs,133,89
106,https://www.flashscore.com/match/MqYLQCsk/#/match-summary/match-statistics/0,Metres Run With Ball,744,304
107,https://www.flashscore.com/match/MqYLQCsk/#/match-summary/match-statistics/0,Yellow Cards,1,1
108,https://www.flashscore.com/match/fclGEsij/#/match-summary/match-statistics/0,Tries,3,5
109,https://www.flashscore.com/match/fclGEsij/#/match-summary/match-statistics/0,Conversion Goals,3,4
110,https://www.flashscore.com/match/fclGEsij/#/match-summary/match-statistics/0,Conversion Goal Attempts,3,5
111,https://www.flashscore.com/match/fclGEsij/#/match-summary/match-statistics/0,Penalty Goals,1,2
112,https://www.flashscore.com/match/fclGEsij/#/match-summary/match-statistics/0,Penalty Goal Attempts,1,3
113,https://www.flashscore.com/match/fclGEsij/#/match-summary/match-statistics/0,Goals %,125,75
114,https://www.flashscore.com/match/fclGEsij/#/match-summary/match-statistics/0,Dropped Goals,1,0
115,https://www.flashscore.com/match/fclGEsij/#/match-summary/match-statistics/0,Dropped Goal Attempts,0,0
116,https://www.flashscore.com/match/fclGEsij/#/match-summary/match-statistics/0,Total Runs,107,112
117,https://www.flashscore.com/match/fclGEsij/#/match-summary/match-statistics/0,Metres Run With Ball,463,531
118,https://www.flashscore.com/match/fclGEsij/#/match-summary/match-statistics/0,Yellow Cards,1,0
119,https://www.flashscore.com/match/xt8qK3TS/#/match-summary/match-statistics/0,Tries,6,2
120,https://www.flashscore.com/match/xt8qK3TS/#/match-summary/match-statistics/0,Conversion Goals,3,2
121,https://www.flashscore.com/match/xt8qK3TS/#/match-summary/match-statistics/0,Conversion Goal Attempts,6,2
122,https://www.flashscore.com/match/xt8qK3TS/#/match-summary/match-statistics/0,Penalty Goals,0,0
123,https://www.flashscore.com/match/xt8qK3TS/#/match-summary/match-statistics/0,Penalty Goal Attempts,0,0
124,https://www.flashscore.com/match/xt8qK3TS/#/match-summary/match-statistics/0,Goals %,50,100
125,https://www.flashscore.com/match/xt8qK3TS/#/match-summary/match-statistics/0,Dropped Goals,0,0
126,https://www.flashscore.com/match/xt8qK3TS/#/match-summary/match-statistics/0,Dropped Goal Attempts,0,0
127,https://www.flashscore.com/match/xt8qK3TS/#/match-summary/match-statistics/0,Total Runs,126,175
128,https://www.flashscore.com/match/xt8qK3TS/#/match-summary/match-statistics/0,Metres Run With Ball,468,636
129,https://www.flashscore.com/match/xt8qK3TS/#/match-summary/match-statistics/0,Yellow Cards,0,1
130,https://www.flashscore.com/match/rJ8uLqEM/#/match-summary/match-statistics/0,Tries,2,2
131,https://www.flashscore.com/match/rJ8uLqEM/#/match-summary/match-statistics/0,Conversion Goals,1,2
132,https://www.flashscore.com/match/rJ8uLqEM/#/match-summary/match-statistics/0,Conversion Goal Attempts,2,2
133,https://www.flashscore.com/match/rJ8uLqEM/#/match-summary/match-statistics/0,Penalty Goals,2,1
134,https://www.flashscore.com/match/rJ8uLqEM/#/match-summary/match-statistics/0,Penalty Goal Attempts,3,2
135,https://www.flashscore.com/match/rJ8uLqEM/#/match-summary/match-statistics/0,Goals %,60,75
136,https://www.flashscore.com/match/rJ8uLqEM/#/match-summary/match-statistics/0,Dropped Goals,0,0
137,https://www.flashscore.com/match/rJ8uLqEM/#/match-summary/match-statistics/0,Dropped Goal Attempts,0,0
138,https://www.flashscore.com/match/rJ8uLqEM/#/match-summary/match-statistics/0,Total Runs,92,110
139,https://www.flashscore.com/match/rJ8uLqEM/#/match-summary/match-statistics/0,Metres Run With Ball,402,434
140,https://www.flashscore.com/match/rJ8uLqEM/#/match-summary/match-statistics/0,Yellow Cards,0,1
141,https://www.flashscore.com/match/fLOosLSR/#/match-summary/match-statistics/0,Tries,6,3
142,https://www.flashscore.com/match/fLOosLSR/#/match-summary/match-statistics/0,Conversion Goals,5,2
143,https://www.flashscore.com/match/fLOosLSR/#/match-summary/match-statistics/0,Conversion Goal Attempts,6,3
144,https://www.flashscore.com/match/fLOosLSR/#/match-summary/match-statistics/0,Penalty Goals,1,0
145,https://www.flashscore.com/match/fLOosLSR/#/match-summary/match-statistics/0,Penalty Goal Attempts,2,0
146,https://www.flashscore.com/match/fLOosLSR/#/match-summary/match-statistics/0,Goals %,75,67
147,https://www.flashscore.com/match/fLOosLSR/#/match-summary/match-statistics/0,Dropped Goals,0,0
148,https://www.flashscore.com/match/fLOosLSR/#/match-summary/match-statistics/0,Dropped Goal Attempts,0,0
149,https://www.flashscore.com/match/fLOosLSR/#/match-summary/match-statistics/0,Total Runs,110,132
150,https://www.flashscore.com/match/fLOosLSR/#/match-summary/match-statistics/0,Metres Run With Ball,519,504
151,https://www.flashscore.com/match/fLOosLSR/#/match-summary/match-statistics/0,Yellow Cards,1,1
152,https://www.flashscore.com/match/4S9yMPbG/#/match-summary/match-statistics/0,Tries,8,1
153,https://www.flashscore.com/match/4S9yMPbG/#/match-summary/match-statistics/0,Conversion Goals,7,1
154,https://www.flashscore.com/match/4S9yMPbG/#/match-summary/match-statistics/0,Conversion Goal Attempts,7,1
155,https://www.flashscore.com/match/4S9yMPbG/#/match-summary/match-statistics/0,Penalty Goals,2,0
156,https://www.flashscore.com/match/4S9yMPbG/#/match-summary/match-statistics/0,Penalty Goal Attempts,2,0
157,https://www.flashscore.com/match/4S9yMPbG/#/match-summary/match-statistics/0,Goals %,100,100
158,https://www.flashscore.com/match/4S9yMPbG/#/match-summary/match-statistics/0,Dropped Goals,0,0
159,https://www.flashscore.com/match/4S9yMPbG/#/match-summary/match-statistics/0,Dropped Goal Attempts,0,0
160,https://www.flashscore.com/match/4S9yMPbG/#/match-summary/match-statistics/0,Total Runs,143,112
161,https://www.flashscore.com/match/4S9yMPbG/#/match-summary/match-statistics/0,Metres Run With Ball,513,457
162,https://www.flashscore.com/match/AXvrE1Qb/#/match-summary/match-statistics/0,Tries,11,0
163,https://www.flashscore.com/match/AXvrE1Qb/#/match-summary/match-statistics/0,Conversion Goals,9,0
164,https://www.flashscore.com/match/AXvrE1Qb/#/match-summary/match-statistics/0,Conversion Goal Attempts,11,0
165,https://www.flashscore.com/match/AXvrE1Qb/#/match-summary/match-statistics/0,Penalty Goals,0,0
166,https://www.flashscore.com/match/AXvrE1Qb/#/match-summary/match-statistics/0,Penalty Goal Attempts,0,0
167,https://www.flashscore.com/match/AXvrE1Qb/#/match-summary/match-statistics/0,Goals %,82,0
168,https://www.flashscore.com/match/AXvrE1Qb/#/match-summary/match-statistics/0,Dropped Goals,0,0
169,https://www.flashscore.com/match/AXvrE1Qb/#/match-summary/match-statistics/0,Dropped Goal Attempts,0,0
170,https://www.flashscore.com/match/AXvrE1Qb/#/match-summary/match-statistics/0,Total Runs,173,88
171,https://www.flashscore.com/match/AXvrE1Qb/#/match-summary/match-statistics/0,Metres Run With Ball,843,269
172,https://www.flashscore.com/match/SMYHRhSr/#/match-summary/match-statistics/0,Tries,7,3
173,https://www.flashscore.com/match/SMYHRhSr/#/match-summary/match-statistics/0,Conversion Goals,7,0
174,https://www.flashscore.com/match/SMYHRhSr/#/match-summary/match-statistics/0,Conversion Goal Attempts,7,3
175,https://www.flashscore.com/match/SMYHRhSr/#/match-summary/match-statistics/0,Penalty Goals,0,1
176,https://www.flashscore.com/match/SMYHRhSr/#/match-summary/match-statistics/0,Penalty Goal Attempts,0,1
177,https://www.flashscore.com/match/SMYHRhSr/#/match-summary/match-statistics/0,Goals %,100,25
178,https://www.flashscore.com/match/SMYHRhSr/#/match-summary/match-statistics/0,Dropped Goals,0,0
179,https://www.flashscore.com/match/SMYHRhSr/#/match-summary/match-statistics/0,Dropped Goal Attempts,0,0
180,https://www.flashscore.com/match/SMYHRhSr/#/match-summary/match-statistics/0,Total Runs,117,117
181,https://www.flashscore.com/match/SMYHRhSr/#/match-summary/match-statistics/0,Metres Run With Ball,392,253
182,https://www.flashscore.com/match/j1gKxDpM/#/match-summary/match-statistics/0,Tries,5,2
183,https://www.flashscore.com/match/j1gKxDpM/#/match-summary/match-statistics/0,Conversion Goals,3,2
184,https://www.flashscore.com/match/j1gKxDpM/#/match-summary/match-statistics/0,Conversion Goal Attempts,5,2
185,https://www.flashscore.com/match/j1gKxDpM/#/match-summary/match-statistics/0,Penalty Goals,1,0
186,https://www.flashscore.com/match/j1gKxDpM/#/match-summary/match-statistics/0,Penalty Goal Attempts,2,0
187,https://www.flashscore.com/match/j1gKxDpM/#/match-summary/match-statistics/0,Goals %,57,100
188,https://www.flashscore.com/match/j1gKxDpM/#/match-summary/match-statistics/0,Dropped Goals,0,0
189,https://www.flashscore.com/match/j1gKxDpM/#/match-summary/match-statistics/0,Dropped Goal Attempts,0,0
190,https://www.flashscore.com/match/j1gKxDpM/#/match-summary/match-statistics/0,Total Runs,106,140
191,https://www.flashscore.com/match/j1gKxDpM/#/match-summary/match-statistics/0,Metres Run With Ball,528,607
192,https://www.flashscore.com/match/j1gKxDpM/#/match-summary/match-statistics/0,Yellow Cards,2,1
193,https://www.flashscore.com/match/ChFWURRl/#/match-summary/match-statistics/0,Tries,12,0
194,https://www.flashscore.com/match/ChFWURRl/#/match-summary/match-statistics/0,Conversion Goals,12,0
195,https://www.flashscore.com/match/ChFWURRl/#/match-summary/match-statistics/0,Conversion Goal Attempts,12,0
196,https://www.flashscore.com/match/ChFWURRl/#/match-summary/match-statistics/0,Penalty Goals,0,0
197,https://www.flashscore.com/match/ChFWURRl/#/match-summary/match-statistics/0,Penalty Goal Attempts,0,0
198,https://www.flashscore.com/match/ChFWURRl/#/match-summary/match-statistics/0,Goals %,100,0
199,https://www.flashscore.com/match/ChFWURRl/#/match-summary/match-statistics/0,Dropped Goals,0,0
200,https://www.flashscore.com/match/ChFWURRl/#/match-summary/match-statistics/0,Dropped Goal Attempts,0,0
201,https://www.flashscore.com/match/ChFWURRl/#/match-summary/match-statistics/0,Total Runs,210,103
202,https://www.flashscore.com/match/ChFWURRl/#/match-summary/match-statistics/0,Metres Run With Ball,1154,302
203,https://www.flashscore.com/match/ChFWURRl/#/match-summary/match-statistics/0,Yellow Cards,0,3
204,https://www.flashscore.com/match/CdZtr1DL/#/match-summary/match-statistics/0,Tries,2,0
205,https://www.flashscore.com/match/CdZtr1DL/#/match-summary/match-statistics/0,Conversion Goals,2,0
206,https://www.flashscore.com/match/CdZtr1DL/#/match-summary/match-statistics/0,Conversion Goal Attempts,2,0
207,https://www.flashscore.com/match/CdZtr1DL/#/match-summary/match-statistics/0,Penalty Goals,1,4
208,https://www.flashscore.com/match/CdZtr1DL/#/match-summary/match-statistics/0,Penalty Goal Attempts,3,4
209,https://www.flashscore.com/match/CdZtr1DL/#/match-summary/match-statistics/0,Goals %,60,100
210,https://www.flashscore.com/match/CdZtr1DL/#/match-summary/match-statistics/0,Dropped Goals,0,0
211,https://www.flashscore.com/match/CdZtr1DL/#/match-summary/match-statistics/0,Dropped Goal Attempts,0,0
212,https://www.flashscore.com/match/CdZtr1DL/#/match-summary/match-statistics/0,Total Runs,149,105
213,https://www.flashscore.com/match/CdZtr1DL/#/match-summary/match-statistics/0,Metres Run With Ball,495,480
214,https://www.flashscore.com/match/CdZtr1DL/#/match-summary/match-statistics/0,Yellow Cards,2,0
215,https://www.flashscore.com/match/fVHuosT3/#/match-summary/match-statistics/0,Tries,8,1
216,https://www.flashscore.com/match/fVHuosT3/#/match-summary/match-statistics/0,Conversion Goals,8,0
217,https://www.flashscore.com/match/fVHuosT3/#/match-summary/match-statistics/0,Conversion Goal Attempts,8,1
218,https://www.flashscore.com/match/fVHuosT3/#/match-summary/match-statistics/0,Penalty Goals,1,0
219,https://www.flashscore.com/match/fVHuosT3/#/match-summary/match-statistics/0,Penalty Goal Attempts,1,1
220,https://www.flashscore.com/match/fVHuosT3/#/match-summary/match-statistics/0,Goals %,100,0
221,https://www.flashscore.com/match/fVHuosT3/#/match-summary/match-statistics/0,Dropped Goals,0,0
222,https://www.flashscore.com/match/fVHuosT3/#/match-summary/match-statistics/0,Dropped Goal Attempts,0,0
223,https://www.flashscore.com/match/fVHuosT3/#/match-summary/match-statistics/0,Total Runs,138,86
224,https://www.flashscore.com/match/fVHuosT3/#/match-summary/match-statistics/0,Metres Run With Ball,720,318
225,https://www.flashscore.com/match/fVHuosT3/#/match-summary/match-statistics/0,Yellow Cards,1,0
226,https://www.flashscore.com/match/niFWM5qA/#/match-summary/match-statistics/0,Tries,14,2
227,https://www.flashscore.com/match/niFWM5qA/#/match-summary/match-statistics/0,Conversion Goals,14,2
228,https://www.flashscore.com/match/niFWM5qA/#/match-summary/match-statistics/0,Conversion Goal Attempts,14,2
229,https://www.flashscore.com/match/niFWM5qA/#/match-summary/match-statistics/0,Penalty Goals,0,1
230,https://www.flashscore.com/match/niFWM5qA/#/match-summary/match-statistics/0,Penalty Goal Attempts,0,1
231,https://www.flashscore.com/match/niFWM5qA/#/match-summary/match-statistics/0,Goals %,100,100
232,https://www.flashscore.com/match/niFWM5qA/#/match-summary/match-statistics/0,Dropped Goals,0,0
233,https://www.flashscore.com/match/niFWM5qA/#/match-summary/match-statistics/0,Dropped Goal Attempts,0,0
234,https://www.flashscore.com/match/niFWM5qA/#/match-summary/match-statistics/0,Total Runs,132,97
235,https://www.flashscore.com/match/niFWM5qA/#/match-summary/match-statistics/0,Metres Run With Ball,808,411
236,https://www.flashscore.com/match/80GSNoU3/#/match-summary/match-statistics/0,Tries,3,3
237,https://www.flashscore.com/match/80GSNoU3/#/match-summary/match-statistics/0,Conversion Goals,2,2
238,https://www.flashscore.com/match/80GSNoU3/#/match-summary/match-statistics/0,Conversion Goal Attempts,3,3
239,https://www.flashscore.com/match/80GSNoU3/#/match-summary/match-statistics/0,Penalty Goals,3,1
240,https://www.flashscore.com/match/80GSNoU3/#/match-summary/match-statistics/0,Penalty Goal Attempts,3,2
241,https://www.flashscore.com/match/80GSNoU3/#/match-summary/match-statistics/0,Goals %,83,60
242,https://www.flashscore.com/match/80GSNoU3/#/match-summary/match-statistics/0,Dropped Goals,0,0
243,https://www.flashscore.com/match/80GSNoU3/#/match-summary/match-statistics/0,Dropped Goal Attempts,0,0
244,https://www.flashscore.com/match/80GSNoU3/#/match-summary/match-statistics/0,Total Runs,87,145
245,https://www.flashscore.com/match/80GSNoU3/#/match-summary/match-statistics/0,Metres Run With Ball,426,440
246,https://www.flashscore.com/match/80GSNoU3/#/match-summary/match-statistics/0,Yellow Cards,1,1
247,https://www.flashscore.com/match/80GSNoU3/#/match-summary/match-statistics/0,Red Cards,0,1
248,https://www.flashscore.com/match/boZeyUlL/#/match-summary/match-statistics/0,Tries,5,2
249,https://www.flashscore.com/match/boZeyUlL/#/match-summary/match-statistics/0,Conversion Goals,4,2
250,https://www.flashscore.com/match/boZeyUlL/#/match-summary/match-statistics/0,Conversion Goal Attempts,5,2
251,https://www.flashscore.com/match/boZeyUlL/#/match-summary/match-statistics/0,Penalty Goals,1,4
252,https://www.flashscore.com/match/boZeyUlL/#/match-summary/match-statistics/0,Penalty Goal Attempts,1,4
253,https://www.flashscore.com/match/boZeyUlL/#/match-summary/match-statistics/0,Goals %,83,100
254,https://www.flashscore.com/match/boZeyUlL/#/match-summary/match-statistics/0,Dropped Goals,0,0
255,https://www.flashscore.com/match/boZeyUlL/#/match-summary/match-statistics/0,Dropped Goal Attempts,0,0
256,https://www.flashscore.com/match/boZeyUlL/#/match-summary/match-statistics/0,Total Runs,107,94
257,https://www.flashscore.com/match/boZeyUlL/#/match-summary/match-statistics/0,Metres Run With Ball,368,353
258,https://www.flashscore.com/match/boZeyUlL/#/match-summary/match-statistics/0,Yellow Cards,1,2
259,https://www.flashscore.com/match/boZeyUlL/#/match-summary/match-statistics/0,Red Cards,0,1
260,https://www.flashscore.com/match/EwHOOREc/#/match-summary/match-statistics/0,Tries,3,0
261,https://www.flashscore.com/match/EwHOOREc/#/match-summary/match-statistics/0,Conversion Goals,2,0
262,https://www.flashscore.com/match/EwHOOREc/#/match-summary/match-statistics/0,Conversion Goal Attempts,3,0
263,https://www.flashscore.com/match/EwHOOREc/#/match-summary/match-statistics/0,Penalty Goals,6,2
264,https://www.flashscore.com/match/EwHOOREc/#/match-summary/match-statistics/0,Penalty Goal Attempts,7,2
265,https://www.flashscore.com/match/EwHOOREc/#/match-summary/match-statistics/0,Goals %,82,100
266,https://www.flashscore.com/match/EwHOOREc/#/match-summary/match-statistics/0,Dropped Goals,1,0
267,https://www.flashscore.com/match/EwHOOREc/#/match-summary/match-statistics/0,Dropped Goal Attempts,1,0
268,https://www.flashscore.com/match/EwHOOREc/#/match-summary/match-statistics/0,Total Runs,93,97
269,https://www.flashscore.com/match/EwHOOREc/#/match-summary/match-statistics/0,Metres Run With Ball,239,302
270,https://www.flashscore.com/match/jcBlqLcG/#/match-summary/match-statistics/0,Tries,7,2
271,https://www.flashscore.com/match/jcBlqLcG/#/match-summary/match-statistics/0,Conversion Goals,5,2
272,https://www.flashscore.com/match/jcBlqLcG/#/match-summary/match-statistics/0,Conversion Goal Attempts,7,2
273,https://www.flashscore.com/match/jcBlqLcG/#/match-summary/match-statistics/0,Penalty Goals,0,1
274,https://www.flashscore.com/match/jcBlqLcG/#/match-summary/match-statistics/0,Penalty Goal Attempts,0,1
275,https://www.flashscore.com/match/jcBlqLcG/#/match-summary/match-statistics/0,Goals %,71,100
276,https://www.flashscore.com/match/jcBlqLcG/#/match-summary/match-statistics/0,Dropped Goals,0,0
277,https://www.flashscore.com/match/jcBlqLcG/#/match-summary/match-statistics/0,Dropped Goal Attempts,0,0
278,https://www.flashscore.com/match/jcBlqLcG/#/match-summary/match-statistics/0,Total Runs,131,90
279,https://www.flashscore.com/match/jcBlqLcG/#/match-summary/match-statistics/0,Metres Run With Ball,719,339
280,https://www.flashscore.com/match/jcBlqLcG/#/match-summary/match-statistics/0,Yellow Cards,0,1
281,https://www.flashscore.com/match/jcBlqLcG/#/match-summary/match-statistics/0,Red Cards,0,1
282,https://www.flashscore.com/match/0zDKP7ai/#/match-summary/match-statistics/0,Tries,1,1
283,https://www.flashscore.com/match/0zDKP7ai/#/match-summary/match-statistics/0,Conversion Goals,0,1
284,https://www.flashscore.com/match/0zDKP7ai/#/match-summary/match-statistics/0,Conversion Goal Attempts,1,1
285,https://www.flashscore.com/match/0zDKP7ai/#/match-summary/match-statistics/0,Penalty Goals,1,2
286,https://www.flashscore.com/match/0zDKP7ai/#/match-summary/match-statistics/0,Penalty Goal Attempts,4,2
287,https://www.flashscore.com/match/0zDKP7ai/#/match-summary/match-statistics/0,Goals %,20,100
288,https://www.flashscore.com/match/0zDKP7ai/#/match-summary/match-statistics/0,Dropped Goals,0,0
289,https://www.flashscore.com/match/0zDKP7ai/#/match-summary/match-statistics/0,Dropped Goal Attempts,0,0
290,https://www.flashscore.com/match/0zDKP7ai/#/match-summary/match-statistics/0,Total Runs,87,93
291,https://www.flashscore.com/match/0zDKP7ai/#/match-summary/match-statistics/0,Metres Run With Ball,377,226
292,https://www.flashscore.com/match/08IynNDc/#/match-summary/match-statistics/0,Tries,11,0
293,https://www.flashscore.com/match/08IynNDc/#/match-summary/match-statistics/0,Conversion Goals,8,0
294,https://www.flashscore.com/match/08IynNDc/#/match-summary/match-statistics/0,Conversion Goal Attempts,11,0
295,https://www.flashscore.com/match/08IynNDc/#/match-summary/match-statistics/0,Penalty Goals,0,0
296,https://www.flashscore.com/match/08IynNDc/#/match-summary/match-statistics/0,Penalty Goal Attempts,0,0
297,https://www.flashscore.com/match/08IynNDc/#/match-summary/match-statistics/0,Goals %,73,0
298,https://www.flashscore.com/match/08IynNDc/#/match-summary/match-statistics/0,Dropped Goals,0,0
299,https://www.flashscore.com/match/08IynNDc/#/match-summary/match-statistics/0,Dropped Goal Attempts,0,0
300,https://www.flashscore.com/match/08IynNDc/#/match-summary/match-statistics/0,Total Runs,132,91
301,https://www.flashscore.com/match/08IynNDc/#/match-summary/match-statistics/0,Metres Run With Ball,693,260
302,https://www.flashscore.com/match/08IynNDc/#/match-summary/match-statistics/0,Yellow Cards,0,1
303,https://www.flashscore.com/match/8x4FwgVF/#/match-summary/match-statistics/0,Tries,2,2
304,https://www.flashscore.com/match/8x4FwgVF/#/match-summary/match-statistics/0,Conversion Goals,1,1
305,https://www.flashscore.com/match/8x4FwgVF/#/match-summary/match-statistics/0,Conversion Goal Attempts,2,2
306,https://www.flashscore.com/match/8x4FwgVF/#/match-summary/match-statistics/0,Penalty Goals,2,2
307,https://www.flashscore.com/match/8x4FwgVF/#/match-summary/match-statistics/0,Penalty Goal Attempts,2,3
308,https://www.flashscore.com/match/8x4FwgVF/#/match-summary/match-statistics/0,Goals %,75,60
309,https://www.flashscore.com/match/8x4FwgVF/#/match-summary/match-statistics/0,Dropped Goals,0,0
310,https://www.flashscore.com/match/8x4FwgVF/#/match-summary/match-statistics/0,Dropped Goal Attempts,0,0
311,https://www.flashscore.com/match/8x4FwgVF/#/match-summary/match-statistics/0,Total Runs,123,112
312,https://www.flashscore.com/match/8x4FwgVF/#/match-summary/match-statistics/0,Metres Run With Ball,534,426
313,https://www.flashscore.com/match/8x4FwgVF/#/match-summary/match-statistics/0,Yellow Cards,0,1
314,https://www.flashscore.com/match/KvzY147p/#/match-summary/match-statistics/0,Tries,1,1
315,https://www.flashscore.com/match/KvzY147p/#/match-summary/match-statistics/0,Conversion Goals,1,1
316,https://www.flashscore.com/match/KvzY147p/#/match-summary/match-statistics/0,Conversion Goal Attempts,1,1
317,https://www.flashscore.com/match/KvzY147p/#/match-summary/match-statistics/0,Penalty Goals,4,1
318,https://www.flashscore.com/match/KvzY147p/#/match-summary/match-statistics/0,Penalty Goal Attempts,5,3
319,https://www.flashscore.com/match/KvzY147p/#/match-summary/match-statistics/0,Goals %,83,50
320,https://www.flashscore.com/match/KvzY147p/#/match-summary/match-statistics/0,Dropped Goals,0,0
321,https://www.flashscore.com/match/KvzY147p/#/match-summary/match-statistics/0,Dropped Goal Attempts,0,0
322,https://www.flashscore.com/match/KvzY147p/#/match-summary/match-statistics/0,Total Runs,130,58
323,https://www.flashscore.com/match/KvzY147p/#/match-summary/match-statistics/0,Metres Run With Ball,388,132
324,https://www.flashscore.com/match/KvzY147p/#/match-summary/match-statistics/0,Yellow Cards,0,1
325,https://www.flashscore.com/match/prVixAZE/#/match-summary/match-statistics/0,Tries,14,0
326,https://www.flashscore.com/match/prVixAZE/#/match-summary/match-statistics/0,Conversion Goals,12,0
327,https://www.flashscore.com/match/prVixAZE/#/match-summary/match-statistics/0,Conversion Goal Attempts,14,0
328,https://www.flashscore.com/match/prVixAZE/#/match-summary/match-statistics/0,Penalty Goals,0,0
329,https://www.flashscore.com/match/prVixAZE/#/match-summary/match-statistics/0,Penalty Goal Attempts,0,0
330,https://www.flashscore.com/match/prVixAZE/#/match-summary/match-statistics/0,Goals %,86,0
331,https://www.flashscore.com/match/prVixAZE/#/match-summary/match-statistics/0,Dropped Goals,0,0
332,https://www.flashscore.com/match/prVixAZE/#/match-summary/match-statistics/0,Dropped Goal Attempts,0,0
333,https://www.flashscore.com/match/prVixAZE/#/match-summary/match-statistics/0,Total Runs,121,103
334,https://www.flashscore.com/match/prVixAZE/#/match-summary/match-statistics/0,Metres Run With Ball,851,408
335,https://www.flashscore.com/match/prVixAZE/#/match-summary/match-statistics/0,Yellow Cards,0,1
336,https://www.flashscore.com/match/prVixAZE/#/match-summary/match-statistics/0,Red Cards,0,1
337,https://www.flashscore.com/match/dUzvFsBh/#/match-summary/match-statistics/0,Tries,5,2
338,https://www.flashscore.com/match/dUzvFsBh/#/match-summary/match-statistics/0,Conversion Goals,5,1
339,https://www.flashscore.com/match/dUzvFsBh/#/match-summary/match-statistics/0,Conversion Goal Attempts,5,1
340,https://www.flashscore.com/match/dUzvFsBh/#/match-summary/match-statistics/0,Penalty Goals,1,0
341,https://www.flashscore.com/match/dUzvFsBh/#/match-summary/match-statistics/0,Penalty Goal Attempts,1,2
342,https://www.flashscore.com/match/dUzvFsBh/#/match-summary/match-statistics/0,Goals %,100,50
343,https://www.flashscore.com/match/dUzvFsBh/#/match-summary/match-statistics/0,Dropped Goals,0,1
344,https://www.flashscore.com/match/dUzvFsBh/#/match-summary/match-statistics/0,Dropped Goal Attempts,0,1
345,https://www.flashscore.com/match/dUzvFsBh/#/match-summary/match-statistics/0,Total Runs,117,114
346,https://www.flashscore.com/match/dUzvFsBh/#/match-summary/match-statistics/0,Metres Run With Ball,580,498
347,https://www.flashscore.com/match/dUzvFsBh/#/match-summary/match-statistics/0,Yellow Cards,2,1
348,https://www.flashscore.com/match/ldm66paT/#/match-summary/match-statistics/0,Tries,4,0
349,https://www.flashscore.com/match/ldm66paT/#/match-summary/match-statistics/0,Conversion Goals,4,0
350,https://www.flashscore.com/match/ldm66paT/#/match-summary/match-statistics/0,Conversion Goal Attempts,4,0
351,https://www.flashscore.com/match/ldm66paT/#/match-summary/match-statistics/0,Penalty Goals,2,4
352,https://www.flashscore.com/match/ldm66paT/#/match-summary/match-statistics/0,Penalty Goal Attempts,3,4
353,https://www.flashscore.com/match/ldm66paT/#/match-summary/match-statistics/0,Goals %,86,100
354,https://www.flashscore.com/match/ldm66paT/#/match-summary/match-statistics/0,Dropped Goals,0,0
355,https://www.flashscore.com/match/ldm66paT/#/match-summary/match-statistics/0,Dropped Goal Attempts,0,0
356,https://www.flashscore.com/match/ldm66paT/#/match-summary/match-statistics/0,Total Runs,137,74
357,https://www.flashscore.com/match/ldm66paT/#/match-summary/match-statistics/0,Metres Run With Ball,533,334
358,https://www.flashscore.com/match/A5l27QqN/#/match-summary/match-statistics/0,Tries,2,1
359,https://www.flashscore.com/match/A5l27QqN/#/match-summary/match-statistics/0,Conversion Goals,1,1
360,https://www.flashscore.com/match/A5l27QqN/#/match-summary/match-statistics/0,Conversion Goal Attempts,2,1
361,https://www.flashscore.com/match/A5l27QqN/#/match-summary/match-statistics/0,Penalty Goals,1,5
362,https://www.flashscore.com/match/A5l27QqN/#/match-summary/match-statistics/0,Penalty Goal Attempts,1,7
363,https://www.flashscore.com/match/A5l27QqN/#/match-summary/match-statistics/0,Goals %,67,75
364,https://www.flashscore.com/match/A5l27QqN/#/match-summary/match-statistics/0,Dropped Goals,0,0
365,https://www.flashscore.com/match/A5l27QqN/#/match-summary/match-statistics/0,Dropped Goal Attempts,0,0
366,https://www.flashscore.com/match/A5l27QqN/#/match-summary/match-statistics/0,Total Runs,98,88
367,https://www.flashscore.com/match/A5l27QqN/#/match-summary/match-statistics/0,Metres Run With Ball,385,399
368,https://www.flashscore.com/match/fHKRV7Cr/#/match-summary/match-statistics/0,Tries,12,0
369,https://www.flashscore.com/match/fHKRV7Cr/#/match-summary/match-statistics/0,Conversion Goals,7,0
370,https://www.flashscore.com/match/fHKRV7Cr/#/match-summary/match-statistics/0,Conversion Goal Attempts,11,0
371,https://www.flashscore.com/match/fHKRV7Cr/#/match-summary/match-statistics/0,Penalty Goals,0,0
372,https://www.flashscore.com/match/fHKRV7Cr/#/match-summary/match-statistics/0,Penalty Goal Attempts,0,1
373,https://www.flashscore.com/match/fHKRV7Cr/#/match-summary/match-statistics/0,Goals %,64,0
374,https://www.flashscore.com/match/fHKRV7Cr/#/match-summary/match-statistics/0,Dropped Goals,0,0
375,https://www.flashscore.com/match/fHKRV7Cr/#/match-summary/match-statistics/0,Dropped Goal Attempts,0,0
376,https://www.flashscore.com/match/fHKRV7Cr/#/match-summary/match-statistics/0,Total Runs,121,81
377,https://www.flashscore.com/match/fHKRV7Cr/#/match-summary/match-statistics/0,Metres Run With Ball,810,246
378,https://www.flashscore.com/match/YLGqp1rA/#/match-summary/match-statistics/0,Tries,8,1
379,https://www.flashscore.com/match/YLGqp1rA/#/match-summary/match-statistics/0,Conversion Goals,8,1
380,https://www.flashscore.com/match/YLGqp1rA/#/match-summary/match-statistics/0,Conversion Goal Attempts,8,1
381,https://www.flashscore.com/match/YLGqp1rA/#/match-summary/match-statistics/0,Penalty Goals,1,3
382,https://www.flashscore.com/match/YLGqp1rA/#/match-summary/match-statistics/0,Penalty Goal Attempts,1,3
383,https://www.flashscore.com/match/YLGqp1rA/#/match-summary/match-statistics/0,Goals %,100,100
384,https://www.flashscore.com/match/YLGqp1rA/#/match-summary/match-statistics/0,Dropped Goals,0,0
385,https://www.flashscore.com/match/YLGqp1rA/#/match-summary/match-statistics/0,Dropped Goal Attempts,0,0
386,https://www.flashscore.com/match/YLGqp1rA/#/match-summary/match-statistics/0,Total Runs,128,89
387,https://www.flashscore.com/match/YLGqp1rA/#/match-summary/match-statistics/0,Metres Run With Ball,563,256
388,https://www.flashscore.com/match/YLGqp1rA/#/match-summary/match-statistics/0,Yellow Cards,1,0
389,https://www.flashscore.com/match/Uo5BvZF9/#/match-summary/match-statistics/0,Tries,4,1
390,https://www.flashscore.com/match/Uo5BvZF9/#/match-summary/match-statistics/0,Conversion Goals,4,0
391,https://www.flashscore.com/match/Uo5BvZF9/#/match-summary/match-statistics/0,Conversion Goal Attempts,4,1
392,https://www.flashscore.com/match/Uo5BvZF9/#/match-summary/match-statistics/0,Penalty Goals,0,1
393,https://www.flashscore.com/match/Uo5BvZF9/#/match-summary/match-statistics/0,Penalty Goal Attempts,0,3
394,https://www.flashscore.com/match/Uo5BvZF9/#/match-summary/match-statistics/0,Goals %,100,25
395,https://www.flashscore.com/match/Uo5BvZF9/#/match-summary/match-statistics/0,Dropped Goals,0,0
396,https://www.flashscore.com/match/Uo5BvZF9/#/match-summary/match-statistics/0,Dropped Goal Attempts,0,0
397,https://www.flashscore.com/match/Uo5BvZF9/#/match-summary/match-statistics/0,Total Runs,150,108
398,https://www.flashscore.com/match/Uo5BvZF9/#/match-summary/match-statistics/0,Metres Run With Ball,636,373
399,https://www.flashscore.com/match/Uo5BvZF9/#/match-summary/match-statistics/0,Yellow Cards,1,0
400,https://www.flashscore.com/match/Uo5BvZF9/#/match-summary/match-statistics/0,Red Cards,0,1
401,https://www.flashscore.com/match/n5EXn3bi/#/match-summary/match-statistics/0,Tries,5,1
402,https://www.flashscore.com/match/n5EXn3bi/#/match-summary/match-statistics/0,Conversion Goals,3,1
403,https://www.flashscore.com/match/n5EXn3bi/#/match-summary/match-statistics/0,Conversion Goal Attempts,5,1
404,https://www.flashscore.com/match/n5EXn3bi/#/match-summary/match-statistics/0,Penalty Goals,4,1
405,https://www.flashscore.com/match/n5EXn3bi/#/match-summary/match-statistics/0,Penalty Goal Attempts,4,1
406,https://www.flashscore.com/match/n5EXn3bi/#/match-summary/match-statistics/0,Goals %,78,100
407,https://www.flashscore.com/match/n5EXn3bi/#/match-summary/match-statistics/0,Dropped Goals,0,0
408,https://www.flashscore.com/match/n5EXn3bi/#/match-summary/match-statistics/0,Dropped Goal Attempts,0,0
409,https://www.flashscore.com/match/n5EXn3bi/#/match-summary/match-statistics/0,Total Runs,97,96
410,https://www.flashscore.com/match/n5EXn3bi/#/match-summary/match-statistics/0,Metres Run With Ball,398,301
411,https://www.flashscore.com/match/n5EXn3bi/#/match-summary/match-statistics/0,Yellow Cards,2,2
412,https://www.flashscore.com/match/2JumwjK8/#/match-summary/match-statistics/0,Tries,11,0
413,https://www.flashscore.com/match/2JumwjK8/#/match-summary/match-statistics/0,Conversion Goals,8,0
414,https://www.flashscore.com/match/2JumwjK8/#/match-summary/match-statistics/0,Conversion Goal Attempts,11,0
415,https://www.flashscore.com/match/2JumwjK8/#/match-summary/match-statistics/0,Penalty Goals,0,1
416,https://www.flashscore.com/match/2JumwjK8/#/match-summary/match-statistics/0,Penalty Goal Attempts,0,1
417,https://www.flashscore.com/match/2JumwjK8/#/match-summary/match-statistics/0,Goals %,73,100
418,https://www.flashscore.com/match/2JumwjK8/#/match-summary/match-statistics/0,Dropped Goals,0,0
419,https://www.flashscore.com/match/2JumwjK8/#/match-summary/match-statistics/0,Dropped Goal Attempts,0,0
420,https://www.flashscore.com/match/2JumwjK8/#/match-summary/match-statistics/0,Total Runs,118,54
421,https://www.flashscore.com/match/2JumwjK8/#/match-summary/match-statistics/0,Metres Run With Ball,733,212
422,https://www.flashscore.com/match/2JumwjK8/#/match-summary/match-statistics/0,Red Cards,1,0
423,https://www.flashscore.com/match/E5oZFNen/#/match-summary/match-statistics/0,Tries,3,2
424,https://www.flashscore.com/match/E5oZFNen/#/match-summary/match-statistics/0,Conversion Goals,3,1
425,https://www.flashscore.com/match/E5oZFNen/#/match-summary/match-statistics/0,Conversion Goal Attempts,3,2
426,https://www.flashscore.com/match/E5oZFNen/#/match-summary/match-statistics/0,Penalty Goals,2,0
427,https://www.flashscore.com/match/E5oZFNen/#/match-summary/match-statistics/0,Penalty Goal Attempts,3,0
428,https://www.flashscore.com/match/E5oZFNen/#/match-summary/match-statistics/0,Goals %,83,50
429,https://www.flashscore.com/match/E5oZFNen/#/match-summary/match-statistics/0,Dropped Goals,0,0
430,https://www.flashscore.com/match/E5oZFNen/#/match-summary/match-statistics/0,Dropped Goal Attempts,0,0
431,https://www.flashscore.com/match/E5oZFNen/#/match-summary/match-statistics/0,Total Runs,101,74
432,https://www.flashscore.com/match/E5oZFNen/#/match-summary/match-statistics/0,Metres Run With Ball,404,270
433,https://www.flashscore.com/match/E5oZFNen/#/match-summary/match-statistics/0,Yellow Cards,1,0
434,https://www.flashscore.com/match/Stac86UG/#/match-summary/match-statistics/0,Tries,4,4
435,https://www.flashscore.com/match/Stac86UG/#/match-summary/match-statistics/0,Conversion Goals,3,3
436,https://www.flashscore.com/match/Stac86UG/#/match-summary/match-statistics/0,Conversion Goal Attempts,4,4
437,https://www.flashscore.com/match/Stac86UG/#/match-summary/match-statistics/0,Penalty Goals,2,0
438,https://www.flashscore.com/match/Stac86UG/#/match-summary/match-statistics/0,Penalty Goal Attempts,3,1
439,https://www.flashscore.com/match/Stac86UG/#/match-summary/match-statistics/0,Goals %,71,60
440,https://www.flashscore.com/match/Stac86UG/#/match-summary/match-statistics/0,Dropped Goals,0,0
441,https://www.flashscore.com/match/Stac86UG/#/match-summary/match-statistics/0,Dropped Goal Attempts,0,0
442,https://www.flashscore.com/match/Stac86UG/#/match-summary/match-statistics/0,Total Runs,86,176
443,https://www.flashscore.com/match/Stac86UG/#/match-summary/match-statistics/0,Metres Run With Ball,396,655
444,https://www.flashscore.com/match/Stac86UG/#/match-summary/match-statistics/0,Yellow Cards,1,1
445,https://www.flashscore.com/match/Eweg9nFA/#/match-summary/match-statistics/0,Tries,2,0
446,https://www.flashscore.com/match/Eweg9nFA/#/match-summary/match-statistics/0,Conversion Goals,1,0
447,https://www.flashscore.com/match/Eweg9nFA/#/match-summary/match-statistics/0,Conversion Goal Attempts,2,0
448,https://www.flashscore.com/match/Eweg9nFA/#/match-summary/match-statistics/0,Penalty Goals,2,1
449,https://www.flashscore.com/match/Eweg9nFA/#/match-summary/match-statistics/0,Penalty Goal Attempts,5,1
450,https://www.flashscore.com/match/Eweg9nFA/#/match-summary/match-statistics/0,Goals %,43,100
451,https://www.flashscore.com/match/Eweg9nFA/#/match-summary/match-statistics/0,Dropped Goals,0,0
452,https://www.flashscore.com/match/Eweg9nFA/#/match-summary/match-statistics/0,Dropped Goal Attempts,0,0
453,https://www.flashscore.com/match/Eweg9nFA/#/match-summary/match-statistics/0,Total Runs,105,89
454,https://www.flashscore.com/match/Eweg9nFA/#/match-summary/match-statistics/0,Metres Run With Ball,610,229
455,https://www.flashscore.com/match/p0zkOJLj/#/match-summary/match-statistics/0,Tries,6,2
456,https://www.flashscore.com/match/p0zkOJLj/#/match-summary/match-statistics/0,Conversion Goals,6,1
457,https://www.flashscore.com/match/p0zkOJLj/#/match-summary/match-statistics/0,Conversion Goal Attempts,6,2
458,https://www.flashscore.com/match/p0zkOJLj/#/match-summary/match-statistics/0,Penalty Goals,0,0
459,https://www.flashscore.com/match/p0zkOJLj/#/match-summary/match-statistics/0,Penalty Goal Attempts,0,0
460,https://www.flashscore.com/match/p0zkOJLj/#/match-summary/match-statistics/0,Goals %,100,50
461,https://www.flashscore.com/match/p0zkOJLj/#/match-summary/match-statistics/0,Dropped Goals,0,0
462,https://www.flashscore.com/match/p0zkOJLj/#/match-summary/match-statistics/0,Dropped Goal Attempts,0,0
463,https://www.flashscore.com/match/p0zkOJLj/#/match-summary/match-statistics/0,Total Runs,90,136
464,https://www.flashscore.com/match/p0zkOJLj/#/match-summary/match-statistics/0,Metres Run With Ball,311,374
465,https://www.flashscore.com/match/p0zkOJLj/#/match-summary/match-statistics/0,Yellow Cards,1,2
466,https://www.flashscore.com/match/tQdoB8pb/#/match-summary/match-statistics/0,Tries,0,1
467,https://www.flashscore.com/match/tQdoB8pb/#/match-summary/match-statistics/0,Conversion Goals,0,1
468,https://www.flashscore.com/match/tQdoB8pb/#/match-summary/match-statistics/0,Conversion Goal Attempts,0,1
469,https://www.flashscore.com/match/tQdoB8pb/#/match-summary/match-statistics/0,Penalty Goals,6,1
470,https://www.flashscore.com/match/tQdoB8pb/#/match-summary/match-statistics/0,Penalty Goal Attempts,8,2
471,https://www.flashscore.com/match/tQdoB8pb/#/match-summary/match-statistics/0,Goals %,82,67
472,https://www.flashscore.com/match/tQdoB8pb/#/match-summary/match-statistics/0,Dropped Goals,3,0
473,https://www.flashscore.com/match/tQdoB8pb/#/match-summary/match-statistics/0,Dropped Goal Attempts,3,0
474,https://www.flashscore.com/match/tQdoB8pb/#/match-summary/match-statistics/0,Total Runs,73,115
475,https://www.flashscore.com/match/tQdoB8pb/#/match-summary/match-statistics/0,Metres Run With Ball,233,308
476,https://www.flashscore.com/match/tQdoB8pb/#/match-summary/match-statistics/0,Yellow Cards,0,1
477,https://www.flashscore.com/match/tQdoB8pb/#/match-summary/match-statistics/0,Red Cards,1,0
478,https://www.flashscore.com/match/Y5zwqsbF/#/match-summary/match-statistics/0,Tries,4,2
479,https://www.flashscore.com/match/Y5zwqsbF/#/match-summary/match-statistics/0,Conversion Goals,3,1
480,https://www.flashscore.com/match/Y5zwqsbF/#/match-summary/match-statistics/0,Conversion Goal Attempts,4,2
481,https://www.flashscore.com/match/Y5zwqsbF/#/match-summary/match-statistics/0,Penalty Goals,3,1
482,https://www.flashscore.com/match/Y5zwqsbF/#/match-summary/match-statistics/0,Penalty Goal Attempts,3,1
483,https://www.flashscore.com/match/Y5zwqsbF/#/match-summary/match-statistics/0,Goals %,86,67
484,https://www.flashscore.com/match/Y5zwqsbF/#/match-summary/match-statistics/0,Dropped Goals,0,0
485,https://www.flashscore.com/match/Y5zwqsbF/#/match-summary/match-statistics/0,Dropped Goal Attempts,0,0
486,https://www.flashscore.com/match/Y5zwqsbF/#/match-summary/match-statistics/0,Total Runs,142,91
487,https://www.flashscore.com/match/Y5zwqsbF/#/match-summary/match-statistics/0,Metres Run With Ball,711,549
488,https://www.flashscore.com/match/Y5zwqsbF/#/match-summary/match-statistics/0,Yellow Cards,0,1
489,https://www.flashscore.com/match/h8Yazl4R/#/match-summary/match-statistics/0,Tries,12,1
490,https://www.flashscore.com/match/h8Yazl4R/#/match-summary/match-statistics/0,Conversion Goals,11,0
491,https://www.flashscore.com/match/h8Yazl4R/#/match-summary/match-statistics/0,Conversion Goal Attempts,12,1
492,https://www.flashscore.com/match/h8Yazl4R/#/match-summary/match-statistics/0,Penalty Goals,0,1
493,https://www.flashscore.com/match/h8Yazl4R/#/match-summary/match-statistics/0,Penalty Goal Attempts,0,1
494,https://www.flashscore.com/match/h8Yazl4R/#/match-summary/match-statistics/0,Goals %,92,50
495,https://www.flashscore.com/match/h8Yazl4R/#/match-summary/match-statistics/0,Dropped Goals,0,0
496,https://www.flashscore.com/match/h8Yazl4R/#/match-summary/match-statistics/0,Dropped Goal Attempts,0,0
497,https://www.flashscore.com/match/h8Yazl4R/#/match-summary/match-statistics/0,Total Runs,168,50
498,https://www.flashscore.com/match/h8Yazl4R/#/match-summary/match-statistics/0,Metres Run With Ball,1098,312
499,https://www.flashscore.com/match/h8Yazl4R/#/match-summary/match-statistics/0,Yellow Cards,0,1
500,https://www.flashscore.com/match/OStqvW42/#/match-summary/match-statistics/0,Tries,7,1
501,https://www.flashscore.com/match/OStqvW42/#/match-summary/match-statistics/0,Conversion Goals,7,0
502,https://www.flashscore.com/match/OStqvW42/#/match-summary/match-statistics/0,Conversion Goal Attempts,7,1
503,https://www.flashscore.com/match/OStqvW42/#/match-summary/match-statistics/0,Penalty Goals,1,1
504,https://www.flashscore.com/match/OStqvW42/#/match-summary/match-statistics/0,Penalty Goal Attempts,1,2
505,https://www.flashscore.com/match/OStqvW42/#/match-summary/match-statistics/0,Goals %,100,33
506,https://www.flashscore.com/match/OStqvW42/#/match-summary/match-statistics/0,Dropped Goals,0,0
507,https://www.flashscore.com/match/OStqvW42/#/match-summary/match-statistics/0,Dropped Goal Attempts,0,0
508,https://www.flashscore.com/match/OStqvW42/#/match-summary/match-statistics/0,Total Runs,137,115
509,https://www.flashscore.com/match/OStqvW42/#/match-summary/match-statistics/0,Metres Run With Ball,732,324
510,https://www.flashscore.com/match/OStqvW42/#/match-summary/match-statistics/0,Yellow Cards,0,1
511,https://www.flashscore.com/match/Ol2tClVi/#/match-summary/match-statistics/0,Tries,2,2
512,https://www.flashscore.com/match/Ol2tClVi/#/match-summary/match-statistics/0,Conversion Goals,1,0
513,https://www.flashscore.com/match/Ol2tClVi/#/match-summary/match-statistics/0,Conversion Goal Attempts,2,2
514,https://www.flashscore.com/match/Ol2tClVi/#/match-summary/match-statistics/0,Penalty Goals,5,1
515,https://www.flashscore.com/match/Ol2tClVi/#/match-summary/match-statistics/0,Penalty Goal Attempts,7,1
516,https://www.flashscore.com/match/Ol2tClVi/#/match-summary/match-statistics/0,Goals %,67,33
517,https://www.flashscore.com/match/Ol2tClVi/#/match-summary/match-statistics/0,Dropped Goals,0,0
518,https://www.flashscore.com/match/Ol2tClVi/#/match-summary/match-statistics/0,Dropped Goal Attempts,0,0
519,https://www.flashscore.com/match/Ol2tClVi/#/match-summary/match-statistics/0,Total Runs,104,113
520,https://www.flashscore.com/match/Ol2tClVi/#/match-summary/match-statistics/0,Metres Run With Ball,449,631
521,https://www.flashscore.com/match/Ol2tClVi/#/match-summary/match-statistics/0,Yellow Cards,0,1
522,https://www.flashscore.com/match/beEzmrKM/#/match-summary/match-statistics/0,9 - 10,1ST HALF,4'
523,https://www.flashscore.com/match/beEzmrKM/#/match-summary/match-statistics/0,(Penalty Goal),MacGinty A.,9'
524,https://www.flashscore.com/match/beEzmrKM/#/match-summary/match-statistics/0,(Try),Storti R.,10'
525,https://www.flashscore.com/match/beEzmrKM/#/match-summary/match-statistics/0,(Conversion Goal),Marques S.,23'
526,https://www.flashscore.com/match/beEzmrKM/#/match-summary/match-statistics/0,(Penalty Goal),MacGinty A.,38'
527,https://www.flashscore.com/match/beEzmrKM/#/match-summary/match-statistics/0,(Penalty Goal),Marques S.,40+1'
528,https://www.flashscore.com/match/beEzmrKM/#/match-summary/match-statistics/0,(Penalty Goal),MacGinty A.,2ND HALF
529,https://www.flashscore.com/match/beEzmrKM/#/match-summary/match-statistics/0,51',7 - 6,Marques S.
530,https://www.flashscore.com/match/beEzmrKM/#/match-summary/match-statistics/0,61',(Penalty Goal),Pifeleti K.
531,https://www.flashscore.com/match/beEzmrKM/#/match-summary/match-statistics/0,61',(Try),MacGinty A.
532,https://www.flashscore.com/match/beEzmrKM/#/match-summary/match-statistics/0,80+3',(Conversion Goal),Marques S.
533,https://www.flashscore.com/match/phAWmO4G/#/match-summary/match-statistics/0,7 - 18,1ST HALF,5'
534,https://www.flashscore.com/match/phAWmO4G/#/match-summary/match-statistics/0,11',Worley M.,Okoth J.
535,https://www.flashscore.com/match/phAWmO4G/#/match-summary/match-statistics/0,20',(Try),Van Der Smit L.
536,https://www.flashscore.com/match/phAWmO4G/#/match-summary/match-statistics/0,22',(Try),McNeish G.
537,https://www.flashscore.com/match/phAWmO4G/#/match-summary/match-statistics/0,31',(Conversion Goal),Ojee J.
538,https://www.flashscore.com/match/phAWmO4G/#/match-summary/match-statistics/0,32',(Try),Ominde G.
539,https://www.flashscore.com/match/phAWmO4G/#/match-summary/match-statistics/0,36',(Conversion Goal),Ominde G.
540,https://www.flashscore.com/match/phAWmO4G/#/match-summary/match-statistics/0,40',(Penalty Goal),de Thierry N.
541,https://www.flashscore.com/match/phAWmO4G/#/match-summary/match-statistics/0,Ominde G.,40+3',(Penalty Goal)
542,https://www.flashscore.com/match/phAWmO4G/#/match-summary/match-statistics/0,15 - 0,2ND HALF,45'
543,https://www.flashscore.com/match/phAWmO4G/#/match-summary/match-statistics/0,(Penalty Goal),McNeish G.,46'
544,https://www.flashscore.com/match/phAWmO4G/#/match-summary/match-statistics/0,(Try),Taylor S.,47'
545,https://www.flashscore.com/match/phAWmO4G/#/match-summary/match-statistics/0,(Conversion Goal),McNeish G.,55'
546,https://www.flashscore.com/match/phAWmO4G/#/match-summary/match-statistics/0,64',Ominde G.,Phillips B.
547,https://www.flashscore.com/match/phAWmO4G/#/match-summary/match-statistics/0,Lam J.,69',(Try)
548,https://www.flashscore.com/match/2TKRl4kA/#/match-summary/match-statistics/0,28 - 0,1ST HALF,3'
549,https://www.flashscore.com/match/2TKRl4kA/#/match-summary/match-statistics/0,(Missed Penalty),McNeish G.,12'
550,https://www.flashscore.com/match/2TKRl4kA/#/match-summary/match-statistics/0,(Try),Fa'anana Schultz J.,14'
551,https://www.flashscore.com/match/2TKRl4kA/#/match-summary/match-statistics/0,(Conversion Goal),MacGinty A.,20'
552,https://www.flashscore.com/match/2TKRl4kA/#/match-summary/match-statistics/0,(Try),Pifeleti K.,22'
553,https://www.flashscore.com/match/2TKRl4kA/#/match-summary/match-statistics/0,(Conversion Goal),MacGinty A.,25'
554,https://www.flashscore.com/match/2TKRl4kA/#/match-summary/match-statistics/0,(Try),Augspurger N.,27'
555,https://www.flashscore.com/match/2TKRl4kA/#/match-summary/match-statistics/0,(Conversion Goal),MacGinty A.,36'
556,https://www.flashscore.com/match/2TKRl4kA/#/match-summary/match-statistics/0,(Try),Dolan C.,37'
557,https://www.flashscore.com/match/2TKRl4kA/#/match-summary/match-statistics/0,(Conversion Goal),MacGinty A.,2ND HALF
558,https://www.flashscore.com/match/2TKRl4kA/#/match-summary/match-statistics/0,47',21 - 7,Wilson M.
559,https://www.flashscore.com/match/2TKRl4kA/#/match-summary/match-statistics/0,49',(Try),MacGinty A.
560,https://www.flashscore.com/match/2TKRl4kA/#/match-summary/match-statistics/0,57',(Conversion Goal),Augspurger N.
561,https://www.flashscore.com/match/2TKRl4kA/#/match-summary/match-statistics/0,58',(Try),MacGinty A.
562,https://www.flashscore.com/match/2TKRl4kA/#/match-summary/match-statistics/0,65',(Conversion Goal),Worley M.
563,https://www.flashscore.com/match/2TKRl4kA/#/match-summary/match-statistics/0,66',(Try),Cumming N.
564,https://www.flashscore.com/match/2TKRl4kA/#/match-summary/match-statistics/0,77',(Conversion Goal),Tongauiha M.
565,https://www.flashscore.com/match/2TKRl4kA/#/match-summary/match-statistics/0,78',(Try),Carty L.
566,https://www.flashscore.com/match/OxMNkpz4/#/match-summary/match-statistics/0,35 - 0,1ST HALF,1'
567,https://www.flashscore.com/match/OxMNkpz4/#/match-summary/match-statistics/0,(Try),Tadjer M.,2'
568,https://www.flashscore.com/match/OxMNkpz4/#/match-summary/match-statistics/0,(Conversion Goal),Marques S.,7'
569,https://www.flashscore.com/match/OxMNkpz4/#/match-summary/match-statistics/0,(Try),Tadjer M.,8'
570,https://www.flashscore.com/match/OxMNkpz4/#/match-summary/match-statistics/0,(Conversion Goal),Marques S.,16'
571,https://www.flashscore.com/match/OxMNkpz4/#/match-summary/match-statistics/0,(Try),Cardoso Pinto M.,17'
572,https://www.flashscore.com/match/OxMNkpz4/#/match-summary/match-statistics/0,(Conversion Goal),Marques S.,22'
573,https://www.flashscore.com/match/OxMNkpz4/#/match-summary/match-statistics/0,(Try),Lima J.,23'
574,https://www.flashscore.com/match/OxMNkpz4/#/match-summary/match-statistics/0,(Conversion Goal),Marques S.,29'
575,https://www.flashscore.com/match/OxMNkpz4/#/match-summary/match-statistics/0,32',Juma B.,Pinto V.
576,https://www.flashscore.com/match/OxMNkpz4/#/match-summary/match-statistics/0,34',(Try),Marques S.
577,https://www.flashscore.com/match/OxMNkpz4/#/match-summary/match-statistics/0,2ND HALF,(Conversion Goal),50 - 0
578,https://www.flashscore.com/match/OxMNkpz4/#/match-summary/match-statistics/0,Juma B.,42',45'
579,https://www.flashscore.com/match/OxMNkpz4/#/match-summary/match-statistics/0,(Try),Tadjer M.,47'
580,https://www.flashscore.com/match/OxMNkpz4/#/match-summary/match-statistics/0,(Try),Pinto V.,49'
581,https://www.flashscore.com/match/OxMNkpz4/#/match-summary/match-statistics/0,(Try),Appleton T.,49'
582,https://www.flashscore.com/match/OxMNkpz4/#/match-summary/match-statistics/0,(Conversion Goal),Marques S.,53'
583,https://www.flashscore.com/match/OxMNkpz4/#/match-summary/match-statistics/0,(Try),Andrade J.,54'
584,https://www.flashscore.com/match/OxMNkpz4/#/match-summary/match-statistics/0,(Conversion Goal),Marques S.,60'
585,https://www.flashscore.com/match/OxMNkpz4/#/match-summary/match-statistics/0,(Try),Appleton T.,61'
586,https://www.flashscore.com/match/OxMNkpz4/#/match-summary/match-statistics/0,(Conversion Goal),Portela J.,69'
587,https://www.flashscore.com/match/OxMNkpz4/#/match-summary/match-statistics/0,72',(Penalty Try),Belo J.
588,https://www.flashscore.com/match/OxMNkpz4/#/match-summary/match-statistics/0,76',(Try),Okwach G.
589,https://www.flashscore.com/match/OxMNkpz4/#/match-summary/match-statistics/0,Campergue L.,77',(Try)
590,https://www.flashscore.com/match/OxMNkpz4/#/match-summary/match-statistics/0,Guedes N.,78',(Conversion Goal)
591,https://www.flashscore.com/match/U17KjQKc/#/match-summary/match-statistics/0,21 - 7,1ST HALF,7'
592,https://www.flashscore.com/match/U17KjQKc/#/match-summary/match-statistics/0,(Try),Post A.,8'
593,https://www.flashscore.com/match/U17KjQKc/#/match-summary/match-statistics/0,(Conversion Goal),McNeish G.,16'
594,https://www.flashscore.com/match/U17KjQKc/#/match-summary/match-statistics/0,(Try),Madeira J.,17'
595,https://www.flashscore.com/match/U17KjQKc/#/match-summary/match-statistics/0,(Conversion Goal),Marques S.,24'
596,https://www.flashscore.com/match/U17KjQKc/#/match-summary/match-statistics/0,(Try),Storti R.,25'
597,https://www.flashscore.com/match/U17KjQKc/#/match-summary/match-statistics/0,(Conversion Goal),Marques S.,29'
598,https://www.flashscore.com/match/U17KjQKc/#/match-summary/match-statistics/0,(Try),Morais M.,30'
599,https://www.flashscore.com/match/U17KjQKc/#/match-summary/match-statistics/0,(Conversion Goal),Marques S.,35'
600,https://www.flashscore.com/match/U17KjQKc/#/match-summary/match-statistics/0,2ND HALF,Granate J.,21 - 7
601,https://www.flashscore.com/match/U17KjQKc/#/match-summary/match-statistics/0,Rodrigo M.,43',(Try)
602,https://www.flashscore.com/match/U17KjQKc/#/match-summary/match-statistics/0,Marques S.,44',(Conversion Goal)
603,https://www.flashscore.com/match/U17KjQKc/#/match-summary/match-statistics/0,Storti R.,50',(Try)
604,https://www.flashscore.com/match/U17KjQKc/#/match-summary/match-statistics/0,Marques S.,52',(Conversion Goal)
605,https://www.flashscore.com/match/U17KjQKc/#/match-summary/match-statistics/0,Lima J.,55',(Try)
606,https://www.flashscore.com/match/U17KjQKc/#/match-summary/match-statistics/0,Marques S.,56',(Conversion Goal)
607,https://www.flashscore.com/match/U17KjQKc/#/match-summary/match-statistics/0,Neville J.,60',(Try)
608,https://www.flashscore.com/match/U17KjQKc/#/match-summary/match-statistics/0,McNeish G.,61',(Conversion Goal)
609,https://www.flashscore.com/match/jB8Gi65i/#/match-summary/match-statistics/0,19 - 0,1ST HALF,22'
610,https://www.flashscore.com/match/jB8Gi65i/#/match-summary/match-statistics/0,(Try),Fawsitt D.,33'
611,https://www.flashscore.com/match/jB8Gi65i/#/match-summary/match-statistics/0,(Try),Fawsitt D.,33'
612,https://www.flashscore.com/match/jB8Gi65i/#/match-summary/match-statistics/0,(Conversion Goal),Carty L.,40'
613,https://www.flashscore.com/match/jB8Gi65i/#/match-summary/match-statistics/0,(Try),Fa'anana Schultz J.,40'
614,https://www.flashscore.com/match/jB8Gi65i/#/match-summary/match-statistics/0,(Conversion Goal),Carty L.,2ND HALF
615,https://www.flashscore.com/match/jB8Gi65i/#/match-summary/match-statistics/0,48',49 - 14,Fawsitt D.
616,https://www.flashscore.com/match/jB8Gi65i/#/match-summary/match-statistics/0,49',(Try),Carty L.
617,https://www.flashscore.com/match/jB8Gi65i/#/match-summary/match-statistics/0,51',(Conversion Goal),Dyer C.
618,https://www.flashscore.com/match/jB8Gi65i/#/match-summary/match-statistics/0,53',(Try),Carty L.
619,https://www.flashscore.com/match/jB8Gi65i/#/match-summary/match-statistics/0,55',(Conversion Goal),Juma B.
620,https://www.flashscore.com/match/jB8Gi65i/#/match-summary/match-statistics/0,56',(Try),Mukidza D.
621,https://www.flashscore.com/match/jB8Gi65i/#/match-summary/match-statistics/0,59',(Conversion Goal),Augspurger N.
622,https://www.flashscore.com/match/jB8Gi65i/#/match-summary/match-statistics/0,60',(Try),MacGinty A.
623,https://www.flashscore.com/match/jB8Gi65i/#/match-summary/match-statistics/0,61',(Conversion Goal),Dyer C.
624,https://www.flashscore.com/match/jB8Gi65i/#/match-summary/match-statistics/0,63',(Try),MacGinty A.
625,https://www.flashscore.com/match/jB8Gi65i/#/match-summary/match-statistics/0,64',(Conversion Goal),Dyer C.
626,https://www.flashscore.com/match/jB8Gi65i/#/match-summary/match-statistics/0,66',(Try),MacGinty A.
627,https://www.flashscore.com/match/jB8Gi65i/#/match-summary/match-statistics/0,69',(Conversion Goal),Sosene-Feagai M.
628,https://www.flashscore.com/match/jB8Gi65i/#/match-summary/match-statistics/0,70',(Try),MacGinty A.
629,https://www.flashscore.com/match/jB8Gi65i/#/match-summary/match-statistics/0,76',(Conversion Goal),Wilson M.
630,https://www.flashscore.com/match/jB8Gi65i/#/match-summary/match-statistics/0,76',(Try),MacGinty A.
631,https://www.flashscore.com/match/jB8Gi65i/#/match-summary/match-statistics/0,78',(Conversion Goal),Weru J.
632,https://www.flashscore.com/match/jB8Gi65i/#/match-summary/match-statistics/0,79',(Try),Mukidza D.
